comparison,config_x,config_y,metric,n,mean_x,mean_y,mean_diff_y_minus_x,ci_95_low,ci_95_high,test,p_value,significant_at_0.05
COMPARISON 1: Does the proposed system beat the raw BM25 baseline?,A_BM25_Baseline,B_Proposed,hit1,210,0.1619047619047619,0.40476190476190477,0.24285714285714285,0.18095238095238095,0.30952380952380953,McNemar exact,1.6979681549678105e-12,True
COMPARISON 1: Does the proposed system beat the raw BM25 baseline?,A_BM25_Baseline,B_Proposed,hit3,210,0.45714285714285713,0.6190476190476191,0.16190476190476194,0.1,0.22380952380952382,McNemar exact,2.0377698612961126e-06,True
COMPARISON 1: Does the proposed system beat the raw BM25 baseline?,A_BM25_Baseline,B_Proposed,hit5,210,0.5904761904761905,0.7095238095238096,0.11904761904761907,0.05714285714285714,0.18095238095238095,McNemar exact,0.0004697573180081349,True
COMPARISON 1: Does the proposed system beat the raw BM25 baseline?,A_BM25_Baseline,B_Proposed,mrr,210,0.319047619047619,0.5207142857142857,0.20166666666666666,0.15309325396825396,0.2505575396825397,Wilcoxon signed-rank,2.6604614916894734e-13,True
COMPARISON 1: Does the proposed system beat the raw BM25 baseline?,A_BM25_Baseline,B_Proposed,context_precision,210,0.32138888888888895,0.5143650793650792,0.1929761904761903,0.14575396825396825,0.2401984126984127,Wilcoxon signed-rank,3.6121763838650007e-13,True
COMPARISON 2: Does dictionary injection help vs. the no-injection ablation?,B_Proposed,C_Ablation_NoInjection,hit1,210,0.40476190476190477,0.41904761904761906,0.01428571428571429,-0.009523809523809525,0.0380952380952381,McNemar exact,0.453125,False
COMPARISON 2: Does dictionary injection help vs. the no-injection ablation?,B_Proposed,C_Ablation_NoInjection,hit3,210,0.6190476190476191,0.638095238095238,0.01904761904761898,-0.004761904761904762,0.047619047619047616,McNemar exact,0.2890625,False
COMPARISON 2: Does dictionary injection help vs. the no-injection ablation?,B_Proposed,C_Ablation_NoInjection,hit5,210,0.7095238095238096,0.719047619047619,0.00952380952380949,-0.009523809523809525,0.02857142857142857,McNemar exact,0.625,False
COMPARISON 2: Does dictionary injection help vs. the no-injection ablation?,B_Proposed,C_Ablation_NoInjection,mrr,210,0.5207142857142857,0.5352380952380953,0.014523809523809605,-0.003970238095238095,0.03515873015873015,Wilcoxon signed-rank,0.1547175794406997,False
COMPARISON 2: Does dictionary injection help vs. the no-injection ablation?,B_Proposed,C_Ablation_NoInjection,context_precision,210,0.5143650793650792,0.530079365079365,0.01571428571428579,-0.0027777777777777775,0.03642857142857143,Wilcoxon signed-rank,0.12052807945530407,False
